5.3.1.1	triose-phosphate isomerase	0.084	-	D-glyceraldehyde 3-phosphate	22°C, pH 7.6	Mycobacterium tuberculosis	-	147	679900	
5.3.1.1	triose-phosphate isomerase	0.21	-	D-glyceraldehyde 3-phosphate	pH 8.0, 90°C	Thermococcus onnurineus	-	147	729152	
5.3.1.1	triose-phosphate isomerase	0.21	-	D-glyceraldehyde 3-phosphate	pH 8.0, 90°C	Thermococcus onnurineus	B6YUE5	147	729152	
5.3.1.1	triose-phosphate isomerase	0.22	-	D-glyceraldehyde 3-phosphate	plastidic triosephosphate isomerase	Solanum chacoense	-	147	663173	
5.3.1.1	triose-phosphate isomerase	0.24	-	D-glyceraldehyde 3-phosphate	mutant enzyme S227A	Trypanosoma brucei	P04789	147	651300	
5.3.1.1	triose-phosphate isomerase	0.245	-	D-glyceraldehyde 3-phosphate	pH 6.5, 70°C	Sulfolobus solfataricus	-	147	724980	
5.3.1.1	triose-phosphate isomerase	0.245	-	D-glyceraldehyde 3-phosphate	pH 6.5, 70°C	Sulfolobus solfataricus	Q97VM8	147	724980	
5.3.1.1	triose-phosphate isomerase	0.25	-	D-glyceraldehyde 3-phosphate	wild-type enzyme	Trypanosoma brucei	P04789	147	651300	
5.3.1.1	triose-phosphate isomerase	0.28	-	D-glyceraldehyde 3-phosphate	mutant enzyme S227N	Trypanosoma brucei	P04789	147	651300	
5.3.1.1	triose-phosphate isomerase	0.29	-	D-glyceraldehyde 3-phosphate	cytoplasmic triosephosphate isomerase	Solanum chacoense	-	147	663173	
5.3.1.1	triose-phosphate isomerase	0.3	-	D-glyceraldehyde 3-phosphate	pH 8.0, 25°C	Pteris vittata	-	147	682388	
5.3.1.1	triose-phosphate isomerase	0.3	-	D-glyceraldehyde 3-phosphate	pH 8.0, 25°C	Pteris vittata	Q0H294	147	682388	
5.3.1.1	triose-phosphate isomerase	0.328	-	D-glyceraldehyde 3-phosphate	in 50 mM Tris, pH 7.6, at 25°C	Leishmania donovani	-	147	727428	
5.3.1.1	triose-phosphate isomerase	0.34	-	D-glyceraldehyde 3-phosphate	mutant enzyme R191S	Trypanosoma brucei	P04789	147	651300	
5.3.1.1	triose-phosphate isomerase	0.42	-	D-glyceraldehyde 3-phosphate	-	Equus caballus	-	147	2559	
5.3.1.1	triose-phosphate isomerase	0.47	-	D-glyceraldehyde 3-phosphate	in 100 mM triethanolamine, pH 7.4, at 25°C	Rhipicephalus microplus	-	147	715181	
5.3.1.1	triose-phosphate isomerase	0.47	-	D-glyceraldehyde 3-phosphate	in 100 mM triethanolamine, pH 7.4, at 25°C	Rhipicephalus microplus	A8B3A8	147	715181	
5.3.1.1	triose-phosphate isomerase	0.53	-	D-glyceraldehyde 3-phosphate	25°C, pH 7.4, dimeric enzyme form	Giardia intestinalis	-	147	663355	
5.3.1.1	triose-phosphate isomerase	0.68	-	D-glyceraldehyde 3-phosphate	pH 8.0, 90°C	Pyrococcus furiosus	P62002	147	729152	
5.3.1.1	triose-phosphate isomerase	0.84	-	D-glyceraldehyde 3-phosphate	pH 7.0, 25°C	Tenebrio molitor	-	147	704030	
5.3.1.1	triose-phosphate isomerase	0.87	-	D-glyceraldehyde 3-phosphate	25°C, pH 7.4, tetrameric enzyme form	Giardia intestinalis	-	147	663355	
5.3.1.1	triose-phosphate isomerase	1.1	-	D-glyceraldehyde 3-phosphate	mutant enzyme R191A	Trypanosoma brucei	P04789	147	651300	
5.3.1.1	triose-phosphate isomerase	1.2	-	D-glyceraldehyde 3-phosphate	pH 8.0, 25°C	Pyrococcus furiosus	P62002	147	729152	
5.3.1.1	triose-phosphate isomerase	1.67	-	D-glyceraldehyde 3-phosphate	pH 8.0, 25°C	Thermococcus onnurineus	-	147	729152	
5.3.1.1	triose-phosphate isomerase	1.67	-	D-glyceraldehyde 3-phosphate	pH 8.0, 25°C	Thermococcus onnurineus	B6YUE5	147	729152	
5.3.1.1	triose-phosphate isomerase	1.9	-	D-glyceraldehyde 3-phosphate	pH 7.6, wild-type enzyme; wild-type enzyme	Moritella marina	-	147	2586	
5.3.1.1	triose-phosphate isomerase	3.04	-	D-glyceraldehyde 3-phosphate	in 100 mM triethanolamine (pH 7.4), at 25°C	Chlamydomonas reinhardtii	-	147	728349	
5.3.1.1	triose-phosphate isomerase	3.04	-	D-glyceraldehyde 3-phosphate	in 100 mM triethanolamine (pH 7.4), at 25°C	Chlamydomonas reinhardtii	Q5S7Y5	147	728349	
5.3.1.1	triose-phosphate isomerase	4.8	-	D-glyceraldehyde 3-phosphate	mutant A238S; pH 7.6, mutant enzyme A238S	Moritella marina	-	147	2586	
