1.1.1.41	isocitrate dehydrogenase (NAD+)	0.0289	-	NAD+	pH 75, 25°C, recombinant His6-tagged enzyme	Campylobacter sp.	J4X756	7	741414	
1.1.1.41	isocitrate dehydrogenase (NAD+)	0.066	-	NAD+	pH 8.0, 70°C, mutant enzyme D328K	Pyrococcus furiosus	-	7	721450	
1.1.1.41	isocitrate dehydrogenase (NAD+)	0.068	-	NAD+	pH 8.0, 70°C, wild-type enzyme	Pyrococcus furiosus	-	7	721450	
1.1.1.41	isocitrate dehydrogenase (NAD+)	0.0683	-	NAD+	pH 8.0, 70°C, the Km-value for NADP+ is about 65fold higher than the KM-value for NAD+	Pyrococcus furiosus	-	7	727835	
1.1.1.41	isocitrate dehydrogenase (NAD+)	0.0742	-	NAD+	pH 75, 25°C, recombinant His6-tagged enzyme	Campylobacter curvus	-	7	741414	
1.1.1.41	isocitrate dehydrogenase (NAD+)	0.0742	-	NAD+	pH 75, 25°C, recombinant His6-tagged enzyme	Campylobacter curvus	A0A0M4S9Q1	7	741414	
1.1.1.41	isocitrate dehydrogenase (NAD+)	0.0771	-	NAD+	6fold His-tagged enzyme, at 70°C in 50 mM N-2-hydroxyethylpiperadine-N0-2-ethanesulfonate-NaOH (pH 7.8), 0.2 M KCl, 0.2 mM MnCl2	Pyrococcus horikoshii	-	7	660907	
1.1.1.41	isocitrate dehydrogenase (NAD+)	0.126	-	NAD+	pH 75, 25°C, recombinant His6-tagged enzyme	Micromonas commoda	-	7	741414	
1.1.1.41	isocitrate dehydrogenase (NAD+)	0.126	-	NAD+	pH 75, 25°C, recombinant His6-tagged enzyme	Micromonas commoda	C1E5X2	7	741414	
1.1.1.41	isocitrate dehydrogenase (NAD+)	0.136	-	NAD+	pH 7.4, 25°C	Yarrowia lipolytica	-	7	654783	
1.1.1.41	isocitrate dehydrogenase (NAD+)	0.136	-	NAD+	pH 75, 25°C, recombinant His6-tagged enzyme	Ostreococcus 'lucimarinus'	-	7	741414	
1.1.1.41	isocitrate dehydrogenase (NAD+)	0.136	-	NAD+	pH 75, 25°C, recombinant His6-tagged enzyme	Ostreococcus 'lucimarinus'	A4SBK5	7	741414	
1.1.1.41	isocitrate dehydrogenase (NAD+)	0.154	-	NAD+	pH 7.5, 37°C, recombinant enzyme	Streptococcus mutans	-	7	723607	
1.1.1.41	isocitrate dehydrogenase (NAD+)	0.18	-	NAD+	pH 9.0, 30°C, native enzyme	Acidithiobacillus thiooxidans	-	7	655607	
1.1.1.41	isocitrate dehydrogenase (NAD+)	0.18	-	NAD+	pH 9.0, 30°C, native enzyme	Acidithiobacillus thiooxidans	Q8GAX0	7	655607	
1.1.1.41	isocitrate dehydrogenase (NAD+)	0.2	-	NAD+	pH 7.5	Pisum sativum	-	7	654843	
1.1.1.41	isocitrate dehydrogenase (NAD+)	0.226	-	NAD+	pH 7.6, temperature not specified in the publication, His6-tagged recombinant wild-type enzyme, with Mn2+	Ostreococcus tauri	-	7	740425	
1.1.1.41	isocitrate dehydrogenase (NAD+)	0.245	-	NAD+	pH 7.5, 37°C, with Mn2+, recombinant enzyme	Zymomonas mobilis	-	7	722295	
1.1.1.41	isocitrate dehydrogenase (NAD+)	0.246	-	NAD+	pH 7.5, 37°C, recombinant enzyme mutant S102A	Streptococcus mutans	-	7	723607	
1.1.1.41	isocitrate dehydrogenase (NAD+)	0.25	-	NAD+	-	Pseudomonas sp.	-	7	286756	
1.1.1.41	isocitrate dehydrogenase (NAD+)	0.263	-	NAD+	wild-type enzyme, with Mg2+, pH 7.5, 35°C	Congregibacter litoralis	A4ADB8	7	741236	
1.1.1.41	isocitrate dehydrogenase (NAD+)	0.265	-	NAD+	pH 7.6, temperature not specified in the publication, His6-tagged recombinant wild-type enzyme, with Mg2+	Ostreococcus tauri	-	7	740425	
1.1.1.41	isocitrate dehydrogenase (NAD+)	0.295	-	NAD+	pH 7.5, 37°C, recombinant enzyme mutant S102G	Streptococcus mutans	-	7	723607	
1.1.1.41	isocitrate dehydrogenase (NAD+)	0.3	-	NAD+	-	Cupriavidus necator	-	7	286750	
1.1.1.41	isocitrate dehydrogenase (NAD+)	0.309	-	NAD+	wild-type enzyme, with Mn2+, pH 7.5, 35°C	Congregibacter litoralis	A4ADB8	7	741236	
1.1.1.41	isocitrate dehydrogenase (NAD+)	0.312	-	NAD+	pH 7.5, 37°C, with Mg2+, recombinant enzyme	Zymomonas mobilis	-	7	722295	
1.1.1.41	isocitrate dehydrogenase (NAD+)	0.336	-	NAD+	pH 8.0, 70°C, mutant enzyme D328K/I329Y	Pyrococcus furiosus	-	7	721450	
1.1.1.41	isocitrate dehydrogenase (NAD+)	0.35	-	NAD+	pH 7.5, 37°C, recombinant enzyme mutant S102T	Streptococcus mutans	-	7	723607	
1.1.1.41	isocitrate dehydrogenase (NAD+)	0.493	-	NAD+	pH 75, 25°C, recombinant His6-tagged mutant L584H/D595R	Campylobacter sp.	J4X756	7	741414	
1.1.1.41	isocitrate dehydrogenase (NAD+)	0.664	-	NAD+	mutant D487R/L488H, with Mn2+, pH 7.5, 35°C	Congregibacter litoralis	A4ADB8	7	741236	
1.1.1.41	isocitrate dehydrogenase (NAD+)	0.738	-	NAD+	pH 7.6, temperature not specified in the publication, His6-tagged recombinant mutant D344R, with Mn2+	Ostreococcus tauri	-	7	740425	
1.1.1.41	isocitrate dehydrogenase (NAD+)	1.56	-	NAD+	pH 7.5, 37°C, recombinant enzyme mutant S102Y	Streptococcus mutans	-	7	723607	
1.1.1.41	isocitrate dehydrogenase (NAD+)	2.948	-	NAD+	pH 75, 25°C, recombinant His6-tagged mutant D326R/M327H	Ostreococcus 'lucimarinus'	-	7	741414	
1.1.1.41	isocitrate dehydrogenase (NAD+)	2.948	-	NAD+	pH 75, 25°C, recombinant His6-tagged mutant D326R/M327H	Ostreococcus 'lucimarinus'	A4SBK5	7	741414	
1.1.1.41	isocitrate dehydrogenase (NAD+)	20.65	-	NAD+	pH 7.6, temperature not specified in the publication, His6-tagged recombinant mutant D344R/M345H, with Mn2+	Ostreococcus tauri	-	7	740425	
