PSII_h,0,1000
Cytb6f_h,0,1000
PSI_h,0,1000
Fd-NADPR_h,0,1000
ATPase_h,-1000,1000
RBC_h,0,1000
PGAK_h,-1000,1000
GAPDH1_h,0,1000
TPI_h,-1000,1000
FBPA_h,-1000,1000
FBPase_h,0,1000
FTK_h,-1000,1000
SBPA_h,0,1000
SBPase_h,0,1000
STK_h,-1000,1000
Ru5PE_h,-1000,1000
R5PI_h,-1000,1000
Ru5PK_h,0,1000
PGI_h,-1000,1000
PGM_h,-1000,1000
AGPase_h,0,1000
StS_h1,0,1000
StS_h2,0,1000
StS_h3,0,1000
bAMY1_h,0,1000
bAMY2_h,0,1000
DPE11_h,0,1000
DPE12_h,0,1000
DPE13_h,0,1000
DPE2_c,0,1000
HEXK_c,0,1000
StP1_h,0,1000
StP21_c,0,1000
TPI_c,-1000,1000
FBPA_c,-1000,1000
FBPase_c,0,1000
F6PK2_c,0,1000
F26BPPh_c,-1000,1000
PGI_c,-1000,1000
PGM_c,-1000,1000
UGPase_c,-1000,1000
S6PS_c,0,1000
S6PPh_c,0,1000
SucS_c,-1000,1000
FrcFD_c,0,1000
FrcK_c,0,1000
TPS_c,0,1000
TPP_c,0,1000
CeS_c1,0,1000
CeS_c2,0,1000
CeS_c3,0,1000
MalDH1_c,-1000,1000
PEPC1_c,0,1000
PEPC2_c,-1000,1000
Enol_c,-1000,1000
PGAM_c,-1000,1000
PGAK_c,-1000,1000
GAPDH2_c,-1000,1000
GAPDH3_c,0,1000
F6PK1_c,0,1000
F6PK1_h,0,1000
GAPDH2_h,-1000,1000
PGAM_h,-1000,1000
Enol_h,-1000,1000
PyrK_c,0,1000
PyrK_h,0,1000
PyrDH1_m,0,1000
PyrDH2_m,0,1000
DHLAcT_m,0,1000
DHLDH2_m,0,1000
CitS_m,0,1000
cACNDHA_m,0,1000
cACNHA_m,0,1000
iCitDHNAD_m,0,1000
KGDH_m,0,1000
DHLST_m,0,1000
SCACoAL_m,0,1000
cplx2_m,0,1000
FumHA_m,0,1000
MalDH1_m,-1000,1000
cplx1_m,0,1000
cplx3_m,0,1000
cplx4_m,0,1000
cplx5_m,-1000,1000
RBO_h,0,1000
PGP_h,0,1000
GCAO_p,0,1000
CAT_p,0,1000
GGAT_p,0,1000
GlyDH_m,0,1000
AMT_m,0,1000
DHLDH1_m,0,1000
GlyHMT_m,-1000,1000
SGAT_p,0,1000
GCEADH_p,0,1000
MalDH1_p,-1000,1000
GCEAK_h,0,1000
G6PDH_h,0,0
6PGL_h,0,1000
6PGDHNAD_h,-1000,1000
6PGDHNADP_h,-1000,1000
TA_h,-1000,1000
DAHPS_h,0,1000
DHQS_h,0,1000
DHQDH_h,0,1000
SADH_h,0,1000
SAK_h,0,1000
EPSPS_h,0,1000
CHRS_h,0,1000
R5PDPK_h,0,1000
PyrPiDK_h,-1000,1000
MalDH2NADP_c,0,1000
MalDH2NADP_h,0,1000
MalDH1_h,-1000,1000
MalDH3_c,0,1000
MalDH3_h,0,1000
MalDH3_m,0,1000
CitS_c,0,1000
CitS_h,0,1000
cACNDHA_c,0,1000
cACNDHA_h,0,1000
cACNHA_c,0,1000
cACNHA_h,0,1000
iCitDHNAD_c,0,1000
iCitDHNADP_c,0,1000
iCitDHNADP_h,0,1000
iCitDHNADP_m,0,1000
iCitL_c,0,1000
MalS_c,0,1000
ATPCitL_c,0,1000
ACoAS_h,0,1000
ACoAC_h,0,1000
ACPM_h,0,1000
PPiase_h,0,1000
PPIase_c,0,1000
PPIF6PK_c,0,0
ForDH_h,-1000,1000
ForTHFL_h,0,1000
DHFR_c,0,1000
TRXR_c,0,1000
ADNK_c,0,1000
ADNN_c,0,1000
ADPRPPT_c,0,1000
RibK_h,0,1000
NO3R1_c,0,1000
NO3R2_c,-1000,1000
NO2R_h,0,1000
ATPSL_h,0,1000
APSR_h,0,1000
GSSGR_h,0,1000
SO3R_h,0,1000
HCO3DHA_c,0,1000
HCO3DHA_h,0,1000
AlaTA_h,-1000,1000
AlaTA_m,-1000,1000
AlaTA_p,-1000,1000
AGluK,0,1000
AGluPR_h,0,1000
AOrnTA_h,0,1000
AOrnAGluAcT_h,0,1000
CBPS_h,0,1000
OrnCMT_h,-1000,1000
ArgSCAS_h,0,1000
ArgSCAL_h,0,1000
FumHA_c,0,1000
AsnS_c,0,1000
AspAT_c,-1000,1000
AspAT_h,-1000,1000
AspAT_m,-1000,1000
AspAT_p,-1000,1000
Asnase_c,0,1000
SerAcT_c,0,1000
SerAcT_h,0,1000
SerAcT_m,0,1000
CysS_c,0,1000
CysS_h,0,1000
CysS_m,0,1000
GluSNADP_h,-1000,1000
GluDH3NADP_c,-1000,1000
Glnase_c,0,1000
GluSNAD_h,0,1000
GluSFd_h,0,1000
GluDH1NAD_m,0,1000
GluDH1NADP_m,-1000,1000
GluDH2NAD_m,0,1000
GluDC_c,0,1000
GABATA1_m,-1000,1000
GABATA2_m,0,1000
SCASeADH_m,0,1000
GlnS_c,0,1000
GlnS_h,0,1000
GlnS_m,0,1000
ThrA_c,0,1000
ACDOxRed_c,0,1000
GCAO_h,0,1000
CAT_h,0,1000
SGAT_h,0,1000
GCEADH_h,0,1000
GGAT_h,0,1000
ATPPRT_h,0,1000
PrATPDP_h,0,1000
PrAMPCy_h,0,1000
PAICARPI_h,0,1000
IGPS_h,0,1000
IGPDA_h,0,1000
HisolPTA_h,0,1000
HisolPP_h,0,1000
HisolPDH_h,0,1000
HisalPDH_h,0,1000
ThrDA_h,0,1000
ALS1_h,0,1000
ALS2_h,0,1000
KARI1_h,-1000,1000
KARI2_h,0,1000
DHADA1_h,0,1000
BAATA1_h,-1000,1000
ALS3_h,0,1000
KARI3_h,-1000,1000
KARI4_h,0,1000
DHADA2_h,0,1000
2IPMS_h,0,1000
3IPMDA1_h,0,1000
3IPMDA2_h,0,1000
3IPMDH_h,0,1000
IPODC_h,0,1000
BAATA2_h,-1000,1000
AspK_h,0,1000
Asp-SeADH_h,0,1000
DHDS_h,0,1000
DHDRNAD_h,0,1000
DHDRNADP_h,0,1000
DAPAT_h,0,1000
DAPE_h,0,1000
DAPDC_h,0,1000
HSerDHNADP_h,0,1000
HSerDHNAD_h,0,1000
HSerK_h,0,1000
CTHS_h,0,1000
CTHL_h,0,1000
5M-THFOR_c,0,1000
MetS_c,0,1000
GlyHMT_c,-1000,1000
MetAdT_h,0,1000
HCysMT_c,0,1000
Cysase_c,-1000,1000
CHRM_c,0,1000
GPAT_h,-1000,1000
AGNDA_h,0,1000
Arginase_m,0,1000
Urease_m,0,1000
OrnAT_m,-1000,1000
GluK_c,0,1000
GluK_h,0,1000
GluK_m,0,1000
GluSeADH_c,0,1000
GluSeADH_h,0,1000
GluSeADH_m,0,1000
GluSeADA_c,0,1000
GluSeADA_h,0,1000
GluSeADA_m,0,1000
P5CRNAD_c,0,1000
ProDHNAD_m,0,1000
ProDHNADP_m,0,1000
P5CDHNAD_h,0,1000
P5CDHNAD_m,0,1000
P5CDHNADP_m,0,1000
PGADH_h,-1000,1000
PSerAT_h,0,1000
PSerP_h,0,1000
SerRM_c,0,1000
ThrS_h,0,1000
ANTS_h,0,1000
ANTPRT_h,0,1000
PRANTI_h,0,1000
IndGPS_h,0,1000
IndGPL_h,0,1000
TrpS_h,0,1000
AGNDH_h,0,1000
BAATA3_h,-1000,1000
ATase_h,0,1000
PRAGlyL_h,0,1000
GARFT_h,0,1000
FGAMS_h,0,1000
FGAMCL_h,0,1000
AIRC_h,0,1000
SAICARS_h,0,1000
DCAMPL1_h,0,1000
AICARFT_h,0,1000
IMPCH_h,0,1000
AMPDA_c,0,1000
IMPDH_c,0,1000
GMPS_c,0,1000
DCAMPS_h,0,1000
DCAMPL2_h,0,1000
AspCT_h,0,1000
DHOase_h,0,1000
DHODH_m,0,1000
OROPRT_c,0,1000
OMPDC_c,0,1000
CTPS_c,0,1000
AMPK_c,0,1000
AMPK_h,0,1000
GMPK_c,0,1000
NMPK_c,0,1000
CTPP_c,0,1000
ADPR_c,0,1000
CDPR_c,0,1000
GDPR_c,0,1000
UDPR_c,0,1000
dUTPP_c,0,1000
dTMPS_c,0,1000
dTMPK_c,0,1000
GDPK_c,0,1000
GDPK_h,0,1000
UDPK_c,0,1000
dADPK_c,0,1000
dCDPK_c,0,1000
dGDPK_c,0,1000
dTDPK_c,0,1000
dUDPK_c,0,1000
Tr_SO4,-1000,1000
Tr_NO2,0,1000
Tr_NTT,0,1000
Tr_AAC,0,1000
Tr_BT11,0,1000
Tr_BT12,0,1000
Tr_BT13,0,1000
Tr_NDT1,-1000,1000
Tr_NDT2,-1000,1000
Tr_TPT1,-1000,1000
Tr_TPT2,-1000,1000
Tr_TPT3,-1000,1000
Tr_PPT,0,1000
Tr_GCA1,0,1000
Tr_GCEA1,0,1000
Tr_GPT1,0,1000
Tr_pGlc,0,1000
Tr_Mex1,0,1000
Tr_PLT5,0,1000
Tr_DIC1,-1000,1000
Tr_DIC2,-1000,1000
Tr_DIT1,0,1000
Tr_DIT2,0,1000
Tr_DTC1A,-1000,1000
Tr_DTC1B,-1000,1000
Tr_DTC1C,-1000,1000
Tr_DTC2A,-1000,1000
Tr_DTC2B,-1000,1000
Tr_DTC2C,-1000,1000
Tr_DTC3A,-1000,1000
Tr_DTC3B,-1000,1000
Tr_DTC3C,-1000,1000
Tr_DTC4A,-1000,1000
Tr_DTC4B,-1000,1000
Tr_DTC4C,-1000,1000
Tr_SFC,0,1000
Tr_BAT11,-1000,1000
Tr_BAT12,-1000,1000
Tr_BAT13,-1000,1000
Tr_BAT14,-1000,1000
Tr_BAT15,-1000,1000
Tr_BAC1,0,1000
Tr_BAC2,0,1000
Tr_ProU,0,1000
Tr_ProA,0,1000
Tr_P5C1,0,1000
Tr_P5C2,0,1000
Tr_PRPP,0,1000
Tr_Fum,0,1000
Tr_HCys,0,1000
Tr_ORO,0,1000
Tr_DHO1,0,1000
Tr_DHO2,0,1000
Tr_GlySer,0,1000
Tr_O2h,-1000,1000
Tr_O2m,-1000,1000
Tr_O2p,-1000,1000
Tr_CO2h,-1000,1000
Tr_CO2m,-1000,1000
Tr_H2Oh,-1000,1000
Tr_H2Om,-1000,1000
Tr_H2Op,-1000,1000
Tr_Hp,-1000,1000
Tr_NH41,-1000,1000
Tr_NH42,-1000,1000
Tr_H2S1,-1000,1000
Tr_H2S2,-1000,1000
Tr_AC1,-1000,1000
Tr_AC2,-1000,1000
Tr_Pyr1,-1000,1000
Tr_Pyr2,-1000,1000
Tr_Pyr3,-1000,1000
Tr_GCA2,-1000,1000
Tr_GCEA2,-1000,1000
Tr_Mal,-1000,1000
Tr_OAA,-1000,1000
Tr_KG,-1000,1000
Tr_Ala1,-1000,1000
Tr_Arg1,-1000,1000
Tr_Asn1,-1000,1000
Tr_Asp,-1000,1000
Tr_Cys,-1000,1000
Tr_Glu1,-1000,1000
Tr_Gln,-1000,1000
Tr_Gly,-1000,1000
Tr_His1,-1000,1000
Tr_Ile1,-1000,1000
Tr_Leu1,-1000,1000
Tr_Lys1,-1000,1000
Tr_Met1,-1000,1000
Tr_Phe1,-1000,1000
Tr_Pro1,-1000,1000
Tr_Ser1,-1000,1000
Tr_Thr1,-1000,1000
Tr_Trp1,-1000,1000
Tr_Tyr1,-1000,1000
Tr_Val1,-1000,1000
Tr_Ala2,0,1000
Tr_Arg2,0,1000
Tr_Asn2,0,1000
Tr_Asn3,0,1000
Tr_Glu2,0,1000
Tr_His2,0,1000
Tr_His3,0,1000
Tr_Ile2,0,1000
Tr_Ile3,0,1000
Tr_Leu2,0,1000
Tr_Leu3,0,1000
Tr_Lys2,0,1000
Tr_Met2,0,1000
Tr_Met3,0,1000
Tr_Phe2,0,1000
Tr_Phe3,0,1000
Tr_Pro2,0,1000
Tr_Ser2,0,1000
Tr_Ser3,0,1000
Tr_Thr2,0,1000
Tr_Thr3,0,1000
Tr_Trp2,0,1000
Tr_Trp3,0,1000
Tr_Tyr2,0,1000
Tr_Tyr3,0,1000
Tr_Val2,0,1000
Tr_Val3,0,1000
Si_H,-1000,1000
Im_hnu,0,1000
Im_CO2,-1000,1000
Im_H2O,-1000,1000
Im_Pi,0,1000
Im_NO3,0,1000
Im_NH4,0,1000
Im_SO4,0,1000
Im_H2S,0,1000
Ex_O2,-1000,1000
Ex_Ala_c,0,0
Ex_Ala_h,0,0
Ex_Ala_m,0,0
Ex_Ala_p,0,0
Ex_Arg_c,0,0
Ex_Arg_h,0,0
Ex_Arg_m,0,0
Ex_Arg_p,0,0
Ex_Asn_c,0,0
Ex_Asn_h,0,0
Ex_Asn_m,0,0
Ex_Asn_p,0,0
Ex_Asp_c,0,0
Ex_Asp_h,0,0
Ex_Asp_m,0,0
Ex_Asp_p,0,0
Ex_Cys_c,0,0
Ex_Cys_h,0,0
Ex_Cys_m,0,0
Ex_Cys_p,0,0
Ex_Gln_c,0,0
Ex_Gln_h,0,0
Ex_Gln_m,0,0
Ex_Gln_p,0,0
Ex_Glu_c,0,0
Ex_Glu_h,0,0
Ex_Glu_m,0,0
Ex_Glu_p,0,0
Ex_Gly_c,0,0
Ex_Gly_h,0,0
Ex_Gly_m,0,0
Ex_Gly_p,0,0
Ex_His_c,0,0
Ex_His_h,0,0
Ex_His_m,0,0
Ex_His_p,0,0
Ex_Ile_c,0,0
Ex_Ile_h,0,0
Ex_Ile_m,0,0
Ex_Ile_p,0,0
Ex_Leu_c,0,0
Ex_Leu_h,0,0
Ex_Leu_m,0,0
Ex_Leu_p,0,0
Ex_Lys_c,0,0
Ex_Lys_h,0,0
Ex_Lys_m,0,0
Ex_Lys_p,0,0
Ex_Met_c,0,0
Ex_Met_h,0,0
Ex_Met_m,0,0
Ex_Met_p,0,0
Ex_Phe_c,0,0
Ex_Phe_h,0,0
Ex_Phe_m,0,0
Ex_Phe_p,0,0
Ex_Pro_c,0,0
Ex_Pro_h,0,0
Ex_Pro_m,0,0
Ex_Pro_p,0,0
Ex_Ser_c,0,0
Ex_Ser_h,0,0
Ex_Ser_m,0,0
Ex_Ser_p,0,0
Ex_Thr_c,0,0
Ex_Thr_h,0,0
Ex_Thr_m,0,0
Ex_Thr_p,0,0
Ex_Trp_c,0,0
Ex_Trp_h,0,0
Ex_Trp_m,0,0
Ex_Trp_p,0,0
Ex_Tyr_c,0,0
Ex_Tyr_h,0,0
Ex_Tyr_m,0,0
Ex_Tyr_p,0,0
Ex_Val_c,0,0
Ex_Val_h,0,0
Ex_Val_m,0,0
Ex_Val_p,0,0
Ex_starch,0,0
Ex_Glc,0,0
Ex_Frc,0,0
Ex_Suc,0,0
Ex_cellulose,0,0
Ex_Mas,0,0
Ex_MACP,0,0
Ex_Tre,0,0
NGAM_c,0,1000
NGAM_h,0,1000
NGAM_m,0,1000
Bio_AA,0,0
Bio_CLim,0,0
Bio_NLim,0,0
Bio_opt,0,0
